"CAN Global CO., Ltd. Address","['HK$', '6,150']"
Bari Consulting Malaysia Sdn Bhd,"RM 5,300.00"
Bari Consulting Malaysia Sdn Bhd,"RM 13,780.00"
"['B&B', 'BRC', 'SDN', 'BHD(AAA-B)']","6,729.00"
"['HNP-Z.com', 'Pte.Ltd.']","7,301.18"
"['HNP-Z.com', 'Pte.Ltd.']","7,943.18"
"GHP Payment Gateway, Inc.","['JPY', '491,000']"
"GHP Payment Gateway, Inc.","['JPY', '598,200']"
"['3C3P', 'PTE', 'LTD']",460.67
"['HIP-Z.COM', 'PAYMENT']","1,070.00"
"GHP Payment Gateway, Inc.","['JPY', '6,681,351']"
"GHP Payment Gateway, Inc.","['JPY', '491,000']"
"['BISHIKAWA', 'ASSOCIATES', 'CO.,LTD']","400,961"
"['BISHIKAWA', 'ASSOCIATES', 'CO.,LTD']","401,061"
äƒêVâ»ãZ,"1,689"
