"PROFORMA INVOICE186 W Virginia Ave, Delmar, NY, 12054123-123456 - info@abctrading.com - www.abctrading.com"
""
""
"PROFORMA INVOICE186 W Virginia Ave, Delmar, NY, 12054123-123456 - info@abctrading.com - www.abctrading.com",,,,,,,,,,,,,
"",,,,,,,,,,,,,
"",,,,,,,,,,,,,
"",,,,,,,,,,,,,
"",,,,,,,,,,,,,
"",,,,,,,,,,,,,
"PROFORMA INVOICE186 W Virginia Ave, Delmar, NY, 12054123-123456 - info@abctrading.com - www.abctrading.com"
""
"PROFORMA INVOICE186 W Virginia Ave, Delmar, NY, 12054123-123456 - info@abctrading.com - www.abctrading.com"
""
"PROFORMA INVOICE186 W Virginia Ave, Delmar, NY, 12054123-123456 - info@abctrading.com - www.abctrading.com"
""
"PROFORMA INVOICE186 W Virginia Ave, Delmar, NY, 12054123-123456 - info@abctrading.com - www.abctrading.com",,,,,,,
"",,,,,,,
"PROFORMA INVOICE186 W Virginia Ave, Delmar, NY, 12054123-123456 - info@abctrading.com - www.abctrading.com"
""
"PROFORMA INVOICE186 W Virginia Ave, Delmar, NY, 12054123-123456 - info@abctrading.com - www.abctrading.com",,
"",,
"",,
"",,
"PROFORMA INVOICE186 W Virginia Ave, Delmar, NY, 12054123-123456 - info@abctrading.com - www.abctrading.com",
"",
"PROFORMA INVOICE186 W Virginia Ave, Delmar, NY, 12054123-123456 - info@abctrading.com - www.abctrading.com",,
"",,
"PROFORMA INVOICE186 W Virginia Ave, Delmar, NY, 12054123-123456 - info@abctrading.com - www.abctrading.com"
""
"PROFORMA INVOICE186 W Virginia Ave, Delmar, NY, 12054123-123456 - info@abctrading.com - www.abctrading.com"
""
Bill To,Ship To
"",
Bill To
""
Ship To
""
"",
"",
""
""
""
""
""
""
""
"",
"",
"",
""
""
""
Shipping Details
""
Shipping Details,Invoice Details
"",
Invoice Details
""
""
""
""
""
""
""
""
4
""
"",Description,Price ($),,Quantity,Amount ($)
1,Equipment A,100,,5,500
2,Equipment B,150,,5,750
3,Equipment C,200,,5,1000
4,,,,,0
"",,,,,
5,,,,,0
""
""
""
""
""
""
""
"Total Amount8955"
""
"Total Amount8955"
""
""
""
""
""
